Display Name,Family,Subfamily,Pref. Family,Pref. Subfamily,Version,Vendor ID,Styles,Width,Weight,Blocks,Characters,Glyphs
BaskervilleURW (Bold),BaskervilleURW,Bold,,,Version 1.10,URW ,Bold,5 (Medium),700 (Bold),20,468,496
BaskervilleURW (Regular),BaskervilleURW,Regular,,,Version 1.10,URW ,Regular,5 (Medium),400 (Normal),20,468,496
BaskervilleURWUltBol (Regular),BaskervilleURWUltBol,Regular,,,Version 1.10,URW ,Regular,5 (Medium),400 (Normal),20,468,496
BodoniURWExtBol (Regular),BodoniURWExtBol,Regular,,,Version 1.10,URW ,Regular,5 (Medium),400 (Normal),13,360,385
EuroSansPro (Bold),EuroSansPro,Bold,,,Version 1.10,UNKW,Bold,5 (Medium),700 (Bold),13,425,432
EuroSansPro (Regular),EuroSansPro,Regular,,,Version 1.10,UNKW,Regular,5 (Medium),400 (Normal),13,425,432
Eurostile (Bold),Eurostile,Bold,,,Version 1.10,URW ,Bold,5 (Medium),700 (Bold),20,491,542
Eurostile (Regular),Eurostile,Regular,,,Version 1.10,URW ,Regular,5 (Medium),400 (Normal),20,491,543
EurostileBla (Regular),EurostileBla,Regular,,,Version 1.10,URW ,Regular,5 (Medium),400 (Normal),20,491,543
EurostileHea (Regular),EurostileHea,Regular,,,Version 1.10,URW ,Regular,5 (Medium),400 (Normal),20,491,543
EurostileMed (Regular),EurostileMed,Regular,,,Version 1.10,URW ,Regular,5 (Medium),400 (Normal),20,491,543
FetteMitD (Regular),FetteMitD,Regular,,,Version 1.10,URW ,Regular,5 (Medium),400 (Normal),18,465,516
FranklinGothicURWBoo (Regular),FranklinGothicURWBoo,Regular,,,Version 1.10,URW ,Regular,5 (Medium),400 (Normal),19,439,447
FranklinGothicURWDem (Regular),FranklinGothicURWDem,Regular,,,Version 1.10,URW ,Regular,5 (Medium),400 (Normal),20,503,555
FranklinGothicURWHea (Regular),FranklinGothicURWHea,Regular,,,Version 1.10,URW ,Regular,5 (Medium),400 (Normal),20,503,555
FranklinGothicURWLig (Regular),FranklinGothicURWLig,Regular,,,Version 1.10,URW ,Regular,5 (Medium),400 (Normal),19,444,471
FranklinGothicURWMed (Regular),FranklinGothicURWMed,Regular,,,Version 1.10,URW ,Regular,5 (Medium),400 (Normal),19,439,447
Futura (Bold),Futura,Bold,,,Version 1.10,URW ,Bold,5 (Medium),700 (Bold),20,494,546
Futura (Regular),Futura,Regular,,,Version 1.10,URW ,Regular,5 (Medium),400 (Normal),20,494,546
FuturaExtBol (Regular),FuturaExtBol,Regular,,,Version 1.10,URW ,Regular,5 (Medium),400 (Normal),20,491,543
FuturaLig (Regular),FuturaLig,Regular,,,Version 1.10,URW ,Regular,5 (Medium),400 (Normal),20,494,546
FuturaMed (Regular),FuturaMed,Regular,,,Version 1.10,URW ,Regular,5 (Medium),400 (Normal),20,476,528
GaramondURW (Bold),GaramondURW,Bold,,,Version 1.10,URW ,Bold,5 (Medium),700 (Bold),20,468,493
GaramondURW (Italic),GaramondURW,Italic,,,Version 1.10,URW ,Italic,5 (Medium),400 (Normal),20,483,512
GaramondURW (Regular),GaramondURW,Regular,,,Version 1.10,URW ,Regular,5 (Medium),400 (Normal),20,468,493
GaramondURWMed (Regular),GaramondURWMed,Regular,,,Version 1.10,URW ,Regular,5 (Medium),400 (Normal),13,360,385
HandelGotDBol (Regular),HandelGotDBol,Regular,,,Version 1.10,URW ,Regular,5 (Medium),400 (Normal),15,407,438
HandelGotDLig (Regular),HandelGotDLig,Regular,,,Version 1.10,URW ,Regular,5 (Medium),400 (Normal),15,405,436
HandelGotDMed (Regular),HandelGotDMed,Regular,,,Version 1.10,URW ,Regular,5 (Medium),400 (Normal),15,405,436
MurrayHilD (Regular),MurrayHilD,Regular,,,Version 1.10,URW ,Regular,5 (Medium),400 (Normal),18,470,522
NimbusRomNo9 (Bold Italic),NimbusRomNo9,Bold Italic,,,Version 1.10,URW ,"Italic, Bold",5 (Medium),700 (Bold),18,465,516
NimbusRomNo9 (Bold),NimbusRomNo9,Bold,,,Version 1.10,URW ,Bold,5 (Medium),700 (Bold),18,465,516
NimbusRomNo9T (Italic),NimbusRomNo9T,Italic,,,Version 1.10,URW ,Italic,5 (Medium),400 (Normal),18,463,514
NimbusRomNo9T (Regular),NimbusRomNo9T,Regular,,,Version 1.10,URW ,Regular,5 (Medium),400 (Normal),18,469,521
NimbusRomNo9TMed (Regular),NimbusRomNo9TMed,Regular,,,Version 1.10,URW ,Regular,5 (Medium),400 (Normal),14,373,402
NimbusSanL (Bold),NimbusSanL,Bold,,,Version 1.10,URW ,Bold,5 (Medium),700 (Bold),22,767,772
NimbusSanL (Regular),NimbusSanL,Regular,,,Version 2.00,URW ,Regular,5 (Medium),400 (Normal),28,1913,1921
NimbusSanNov (Bold),NimbusSanNov,Bold,,,Version 1.10,URW ,Bold,5 (Medium),700 (Bold),20,481,534
NimbusSanNov (Regular),NimbusSanNov,Regular,,,Version 1.10,URW ,Regular,5 (Medium),400 (Normal),20,495,548
NimbusSanNovBla (Regular),NimbusSanNovBla,Regular,,,Version 1.10,URW ,Regular,5 (Medium),400 (Normal),20,475,527
NimbusSanNovLig (Regular),NimbusSanNovLig,Regular,,,Version 1.10,URW ,Regular,5 (Medium),400 (Normal),18,470,522
NimbusSanNovMed (Regular),NimbusSanNovMed,Regular,,,Version 1.10,URW ,Regular,5 (Medium),400 (Normal),20,770,822
NimbusSanNovSemBol (Regular),NimbusSanNovSemBol,Regular,,,Version 1.10,URW ,Regular,5 (Medium),400 (Normal),20,477,529
NimbusSanNovTSemBolCon (Regular),NimbusSanNovTSemBolCon,Regular,,,Version 1.05,URW ,Regular,5 (Medium),400 (Normal),12,258,274
RaldoTSemBol (Regular),RaldoTSemBol,Regular,,,Version 1.05,URW ,Regular,5 (Medium),400 (Normal),14,385,388
TTHiragino Sans GB W3 (Regular),TTHiragino Sans GB W3,Regular,TTHiragino Sans GB,W3,Version 3.20,DS  ,Regular,5 (Medium),300 (Light),40,29026,29064
TTHiragino Sans GB W6 (Regular),TTHiragino Sans GB W6,Regular,TTHiragino Sans GB,W6,Version 3.20,DS  ,Bold,5 (Medium),600 (Semi-bold),40,29026,29064
URWGroteskT (Regular),URWGroteskT,Regular,,,Version 1.10,URW ,Regular,5 (Medium),400 (Normal),22,725,772
腾祥爱情体繁 (Regular),腾祥爱情体繁,Regular,,,Version  1.00,TT  ,Regular,5 (Medium),400 (Normal),29,7599,7599
腾祥爱情体简 (Regular),腾祥爱情体简,Regular,,,Version  1.00,TT  ,Regular,5 (Medium),400 (Normal),29,7599,7599
腾祥爱情体细繁 (Light),腾祥爱情体细繁,Light,,,Version  1.00,TT  ,Regular,5 (Medium),400 (Normal),29,7599,7599
腾祥爱情体细简 (Light),腾祥爱情体细简,Light,,,Version  1.00,TT  ,Regular,5 (Medium),400 (Normal),29,7599,7599
腾祥笔顺库简 (Regular),腾祥笔顺库简,Regular,,,Version 1.00,TT  ,Regular,5 (Medium),400 (Normal),29,7598,7598
腾祥伯当草书 (Regular),腾祥伯当草书,Regular,,,Version 1.00,TT  ,Regular,5 (Medium),400 (Normal),29,7597,7597
腾祥伯当行楷GB18030 (Regular),腾祥伯当行楷GB18030,Regular,,,Version 1.00,TT  ,Regular,5 (Medium),400 (Normal),36,28537,28538
腾祥伯当行楷繁 (Regular),腾祥伯当行楷繁,Regular,,,Version 1.01,TT  ,Regular,5 (Medium),400 (Normal),30,7597,7598
腾祥伯当行楷简 (Regular),腾祥伯当行楷简,Regular,,,Version 1.01,TT  ,Regular,5 (Medium),400 (Normal),30,7597,7598
腾祥潮黑简 (Bold),腾祥潮黑简,Bold,,,Version  1.01,TT  ,Regular,5 (Medium),400 (Normal),29,7607,7607
腾祥潮圆简 (Bold),腾祥潮圆简,Bold,,,Version  1.01,TT  ,Regular,5 (Medium),400 (Normal),29,7607,7607
腾祥婀娜体繁 (Regular),腾祥婀娜体繁,Regular,,,Version  1.00,TT  ,Regular,5 (Medium),400 (Normal),29,7599,7599
腾祥婀娜体简 (Regular),腾祥婀娜体简,Regular,,,Version  1.00,TT  ,Regular,5 (Medium),400 (Normal),29,7599,7599
腾祥范笑歌简牍繁 (Regular),腾祥范笑歌简牍繁,Regular,,,Version 1.00,TT  ,Regular,5 (Medium),400 (Normal),29,7597,7597
腾祥范笑歌简牍简 (Regular),腾祥范笑歌简牍简,Regular,,,Version 1.00,TT  ,Regular,5 (Medium),400 (Normal),29,7597,7597
腾祥范笑歌楷书繁 (Regular),腾祥范笑歌楷书繁,Regular,,,Version 1.00,TT  ,Regular,5 (Medium),400 (Normal),29,7597,7597
腾祥范笑歌楷书简 (Regular),腾祥范笑歌楷书简,Regular,,,Version 1.00,TT  ,Regular,5 (Medium),400 (Normal),29,7597,7597
腾祥嘉丽超粗圆繁 (ExtraBold),腾祥嘉丽超粗圆繁,ExtraBold,,,Version  1.00,TT  ,Regular,5 (Medium),400 (Normal),29,7598,7598
腾祥嘉丽超粗圆简 (ExtraBold),腾祥嘉丽超粗圆简,ExtraBold,,,Version  1.00,TT  ,Regular,5 (Medium),400 (Normal),29,7598,7598
腾祥嘉丽超细圆繁 (Extra-Light),腾祥嘉丽超细圆繁,Extra-Light,,,Version  1.01,TT  ,Regular,5 (Medium),400 (Normal),29,7598,7598
腾祥嘉丽超细圆简 (Extra-Light),腾祥嘉丽超细圆简,Extra-Light,,,Version  1.01,TT  ,Regular,5 (Medium),400 (Normal),29,7598,7598
腾祥嘉丽粗黑GB18030 (Bold),腾祥嘉丽粗黑GB18030,Bold,,,Version  1.00,TT  ,Regular,5 (Medium),400 (Normal),36,28610,28610
腾祥嘉丽粗黑繁 (Bold),腾祥嘉丽粗黑繁,Bold,,,Version  1.00,TT  ,Regular,5 (Medium),400 (Normal),30,7608,7608
腾祥嘉丽粗黑简 (Bold),腾祥嘉丽粗黑简,Bold,,,Version  1.00,TT  ,Regular,5 (Medium),400 (Normal),30,7608,7608
腾祥嘉丽粗圆GB3 (Bold),腾祥嘉丽粗圆GB3,Bold,,,Version  1.00,TT  ,Regular,5 (Medium),400 (Normal),36,28537,28537
腾祥嘉丽粗圆繁 (Bold),腾祥嘉丽粗圆繁,Bold,,,Version  1.00,TT  ,Regular,5 (Medium),400 (Normal),29,7598,7598
腾祥嘉丽粗圆简 (Bold),腾祥嘉丽粗圆简,Bold,,,Version  1.00,TT  ,Regular,5 (Medium),400 (Normal),29,7598,7598
腾祥嘉丽大黑GB18030 (Medium),腾祥嘉丽大黑GB18030,Medium,,,Version 1.01,TT  ,Regular,5 (Medium),400 (Normal),36,28673,28673
腾祥嘉丽大黑繁 (Medium),腾祥嘉丽大黑繁,Medium,,,Version  1.01,TT  ,Regular,5 (Medium),400 (Normal),30,7608,7608
腾祥嘉丽大黑简 (Medium),腾祥嘉丽大黑简,Medium,,,Version  1.01,TT  ,Regular,5 (Medium),400 (Normal),30,7608,7608
腾祥嘉丽大黑日文版 (Regular),腾祥嘉丽大黑日文版,Regular,,,Version  1.00,TT  ,Regular,5 (Medium),400 (Normal),36,28673,28673
腾祥嘉丽大黑台湾版 (Regular),腾祥嘉丽大黑台湾版,Regular,,,Version  1.00,TT  ,Regular,5 (Medium),400 (Normal),36,28673,28673
腾祥嘉丽大圆GB18030 (Medium),腾祥嘉丽大圆GB18030,Medium,,,Version  1.01,TT  ,Regular,5 (Medium),400 (Normal),36,28538,28538
腾祥嘉丽大圆繁 (Medium),腾祥嘉丽大圆繁,Medium,,,Version  1.01,TT  ,Regular,5 (Medium),400 (Normal),29,7598,7598
腾祥嘉丽大圆简 (Medium),腾祥嘉丽大圆简,Medium,,,Version  1.01,TT  ,Regular,5 (Medium),400 (Normal),29,7598,7598
腾祥嘉丽书宋GB18030 (Regular),腾祥嘉丽书宋GB18030,Regular,,,Version 1.00,TT  ,Regular,5 (Medium),400 (Normal),36,28673,28673
腾祥嘉丽书宋繁 (Regular),腾祥嘉丽书宋繁,Regular,,,Version  1.00,TT  ,Regular,5 (Medium),400 (Normal),30,7608,7608
腾祥嘉丽书宋简 (Regular),腾祥嘉丽书宋简,Regular,,,Version  1.00,TT  ,Regular,5 (Medium),400 (Normal),30,7608,7608
腾祥嘉丽细黑GB18030 (Light),腾祥嘉丽细黑GB18030,Light,,,Version 1.00,TT  ,Regular,5 (Medium),400 (Normal),36,28673,28673
腾祥嘉丽细黑繁 (Light),腾祥嘉丽细黑繁,Light,,,Version  1.00,TT  ,Regular,5 (Medium),400 (Normal),30,7608,7608
腾祥嘉丽细黑简 (Light),腾祥嘉丽细黑简,Light,,,Version  1.00,TT  ,Regular,5 (Medium),400 (Normal),30,7608,7608
腾祥嘉丽细黑台湾版 (Regular),腾祥嘉丽细黑台湾版,Regular,,,Version  1.00,TT  ,Regular,5 (Medium),400 (Normal),36,28673,28673
腾祥嘉丽细圆GB3 (Lihgt),腾祥嘉丽细圆GB3,Lihgt,,,Version  1.00,TT  ,Regular,5 (Medium),400 (Normal),36,28538,28538
腾祥嘉丽细圆繁 (Light),腾祥嘉丽细圆繁,Light,,,Version  1.01,TT  ,Regular,5 (Medium),400 (Normal),29,7598,7598
腾祥嘉丽细圆简 (Light),腾祥嘉丽细圆简,Light,,,Version  1.01,TT  ,Regular,5 (Medium),400 (Normal),29,7598,7598
腾祥嘉丽纤圆GB3 (Light),腾祥嘉丽纤圆GB3,Light,,,Version  1.00,TT  ,Regular,5 (Medium),300 (Light),36,28538,28538
腾祥嘉丽纤圆繁 (Light),腾祥嘉丽纤圆繁,Light,,,Version  1.01,TT  ,Regular,5 (Medium),400 (Normal),30,7599,7599
腾祥嘉丽纤圆简 (Light),腾祥嘉丽纤圆简,Light,,,Version  1.01,TT  ,Regular,5 (Medium),400 (Normal),30,7599,7599
腾祥嘉丽线波黑繁 (ExtraLight),腾祥嘉丽线波黑繁,ExtraLight,,,Version  1.01,TT  ,Regular,5 (Medium),400 (Normal),29,7597,7597
腾祥嘉丽线波黑简 (Extra Light),腾祥嘉丽线波黑简,Extra Light,,,Version  1.00,TT  ,Regular,5 (Medium),400 (Normal),29,7597,7597
腾祥嘉丽线黑GB18030 (ExtraLight),腾祥嘉丽线黑GB18030,ExtraLight,,,Version  1.00,TT  ,Regular,5 (Medium),400 (Normal),36,28538,28538
腾祥嘉丽线黑繁 (ExtraLight),腾祥嘉丽线黑繁,ExtraLight,,,Version  1.01,TT  ,Regular,5 (Medium),400 (Normal),29,7598,7598
腾祥嘉丽线黑简 (ExtraLight),腾祥嘉丽线黑简,ExtraLight,,,Version  1.01,TT  ,Regular,5 (Medium),400 (Normal),29,7598,7598
腾祥嘉丽线黑日文版 (ExtraLight),腾祥嘉丽线黑日文版,ExtraLight,,,Version  1.00,TT  ,Regular,5 (Medium),400 (Normal),36,28538,28538
腾祥嘉丽中黑GB18030 (Regular),腾祥嘉丽中黑GB18030,Regular,,,Version 1.00,TT  ,Regular,5 (Medium),400 (Normal),36,28673,28673
腾祥嘉丽中黑繁 (Regular),腾祥嘉丽中黑繁,Regular,,,Version  1.00,TT  ,Regular,5 (Medium),400 (Normal),30,7608,7608
腾祥嘉丽中黑简 (Regular),腾祥嘉丽中黑简,Regular,,,Version  1.00,TT  ,Regular,5 (Medium),400 (Normal),30,7608,7608
腾祥嘉丽中黑日文版 (Regular),腾祥嘉丽中黑日文版,Regular,,,Version  1.00,TT  ,Regular,5 (Medium),400 (Normal),36,28673,28673
腾祥嘉丽中黑台湾版 (Regular),腾祥嘉丽中黑台湾版,Regular,,,Version  1.00,TT  ,Regular,5 (Medium),400 (Normal),36,28673,28673
腾祥嘉丽中圆GB3 (Regular),腾祥嘉丽中圆GB3,Regular,,,Version  1.01,TT  ,Regular,5 (Medium),400 (Normal),36,28538,28538
腾祥嘉丽中圆繁 (Regular),腾祥嘉丽中圆繁,Regular,,,Version  1.01,TT  ,Regular,5 (Medium),400 (Normal),30,7599,7599
腾祥嘉丽中圆简 (Regular),腾祥嘉丽中圆简,Regular,,,Version  1.01,TT  ,Regular,5 (Medium),400 (Normal),30,7599,7599
腾祥嘉丽中圆台湾版 (Regular),腾祥嘉丽中圆台湾版,Regular,,,Version  1.00,TT  ,Regular,5 (Medium),400 (Normal),36,28538,28538
腾祥嘉丽准粗圆GB18030 (Bold),腾祥嘉丽准粗圆GB18030,Bold,,,Version  1.00,TT  ,Regular,5 (Medium),400 (Normal),36,28538,28538
腾祥嘉丽准粗圆繁 (Bold),腾祥嘉丽准粗圆繁,Bold,,,Version  1.00,TT  ,Regular,5 (Medium),400 (Normal),29,7598,7598
腾祥嘉丽准粗圆简 (Bold),腾祥嘉丽准粗圆简,Bold,,,Version  1.00,TT  ,Regular,5 (Medium),400 (Normal),29,7598,7598
腾祥金砖黑繁 (Medium),腾祥金砖黑繁,Medium,,,Version 1.02,TT  ,Regular,5 (Medium),400 (Normal),29,7598,7598
腾祥金砖黑简 (Medium),腾祥金砖黑简,Medium,,,Version 1.02,TT  ,Regular,5 (Medium),400 (Normal),29,7598,7598
腾祥孔淼卡通繁 (Regular),腾祥孔淼卡通繁,Regular,,,Version  1.00,TT  ,Regular,5 (Medium),400 (Normal),29,7597,7597
腾祥孔淼卡通简 (Regular),腾祥孔淼卡通简,Regular,,,Version  1.00,TT  ,Regular,5 (Medium),400 (Normal),29,7597,7597
腾祥孔淼石头繁 (Medium),腾祥孔淼石头繁,Medium,,,Version 1.00,TT  ,Regular,5 (Medium),400 (Normal),29,7598,7598
腾祥孔淼石头简 (Medium),腾祥孔淼石头简,Medium,,,Version 1.00,TT  ,Regular,5 (Medium),400 (Normal),29,7598,7598
腾祥澜黑简 (Bold),腾祥澜黑简,Bold,,,Version  1.00,TT  ,Regular,5 (Medium),400 (Normal),29,7607,7607
腾祥凌黑简 (Bold),腾祥凌黑简,Bold,,,Version  1.00,TT  ,Regular,5 (Medium),400 (Normal),29,7607,7607
腾祥麦黑简 (Medium),腾祥麦黑简,Medium,,,Version 1.00,TT  ,Regular,5 (Medium),400 (Normal),29,7606,7607
腾祥魅黑简 (Bold),腾祥魅黑简,Bold,,,Version  1.01,TT  ,Regular,5 (Medium),400 (Normal),29,7607,7607
腾祥铭刻体繁 (Regular),腾祥铭刻体繁,Regular,,,Version 1.00,TT  ,Regular,5 (Medium),400 (Normal),29,7596,7597
腾祥铭刻体简 (Regular),腾祥铭刻体简,Regular,,,Version 1.00,TT  ,Regular,5 (Medium),400 (Normal),29,7596,7597
腾祥倩女繁 (Regular),腾祥倩女繁,Regular,,,Version 1.00,TT  ,Regular,5 (Medium),400 (Normal),29,7597,7597
腾祥倩女简 (Regular),腾祥倩女简,Regular,,,Version 1.00,TT  ,Regular,5 (Medium),400 (Normal),29,7597,7597
腾祥倩心繁 (Regular),腾祥倩心繁,Regular,,,Version 1.00,TT  ,Regular,5 (Medium),400 (Normal),29,7597,7597
腾祥倩心简 (Regular),腾祥倩心简,Regular,,,Version 1.00,TT  ,Regular,5 (Medium),400 (Normal),29,7597,7597
腾祥倩影繁 (Regular),腾祥倩影繁,Regular,,,Version 1.00,TT  ,Regular,5 (Medium),400 (Normal),29,7597,7597
腾祥倩影简 (Regular),腾祥倩影简,Regular,,,Version 1.00,TT  ,Regular,5 (Medium),400 (Normal),29,7597,7597
腾祥沁圆简-W1,腾祥沁圆简-W1,Light,,,Version  1.02,TT  ,Regular,5 (Medium),400 (Normal),29,7598,7598
腾祥沁圆简-W2,腾祥沁圆简-W2,Regular,,,Version  1.00,TT  ,Regular,5 (Medium),400 (Normal),29,7598,7598
腾祥沁圆简-W3,腾祥沁圆简-W3,Medium,,,Version  1.00,TT  ,Regular,5 (Medium),400 (Normal),29,7598,7598
腾祥沁圆简-W4,腾祥沁圆简-W4,Bold,,,Version  1.00,TT  ,Regular,5 (Medium),400 (Normal),29,7597,7598
腾祥沁圆简-W5,腾祥沁圆简-W5,Bold,,,Version  1.00,TT  ,Regular,5 (Medium),400 (Normal),29,7598,7598
腾祥睿黑简-W1,腾祥睿黑简-W1,Extra Light,,,Version  1.00,TT  ,Regular,5 (Medium),400 (Normal),29,7607,7607
腾祥睿黑简-W2,腾祥睿黑简-W2,Light,,,Version  1.00,TT  ,Regular,5 (Medium),400 (Normal),29,7607,7607
腾祥睿黑简-W3,腾祥睿黑简-W3,Regular,,,Version  1.00,TT  ,Regular,5 (Medium),400 (Normal),29,7607,7607
腾祥睿黑简-W4,腾祥睿黑简-W4,Medium,,,Version  1.00,TT  ,Regular,5 (Medium),400 (Normal),29,7607,7607
腾祥睿黑简-W5,腾祥睿黑简-W5,Bold,,,Version  1.01,TT  ,Regular,5 (Medium),400 (Normal),29,7607,7607
腾祥睿黑简-W6,腾祥睿黑简-W6,Extra Bold,,,Version  1.01,TT  ,Regular,5 (Medium),400 (Normal),29,7607,7607
腾祥铁山楷书繁 (Regular),腾祥铁山楷书繁,Regular,,,Version  1.00,TT  ,Regular,5 (Medium),400 (Normal),29,7606,7607
腾祥铁山楷书简 (Regular),腾祥铁山楷书简,Regular,,,Version  1.00,TT  ,Regular,5 (Medium),400 (Normal),29,7596,7597
腾祥铁山硬隶繁 (Regular),腾祥铁山硬隶繁,Regular,,,Version  1.00,TT  ,Regular,5 (Medium),400 (Normal),29,7597,7597
腾祥铁山硬隶简 (Regular),腾祥铁山硬隶简,Regular,,,Version  1.00,TT  ,Regular,5 (Medium),400 (Normal),29,7597,7597
腾祥细潮黑简 (Bold),腾祥细潮黑简,Bold,,,Version  1.01,TT  ,Regular,5 (Medium),400 (Normal),29,7607,7607
腾祥细潮圆简 (Bold),腾祥细潮圆简,Bold,,,Version  1.01,TT  ,Regular,5 (Medium),400 (Normal),29,7607,7607
腾祥相思体繁 (Light),腾祥相思体繁,Light,,,Version  1.00,TT  ,Regular,5 (Medium),400 (Normal),29,7598,7598
腾祥相思体简 (Light),腾祥相思体简,Light,,,Version  1.00,TT  ,Regular,5 (Medium),400 (Normal),29,7598,7598
腾祥小小新体繁 (Regular),腾祥小小新体繁,Regular,,,Version 1.00,TT  ,Regular,5 (Medium),400 (Normal),29,7597,7597
腾祥小小新体简 (Regular),腾祥小小新体简,Regular,,,Version 1.00,TT  ,Regular,5 (Medium),400 (Normal),29,7597,7597
腾祥小新体繁 (Regular),腾祥小新体繁,Regular,,,Version 1.00,TT  ,Regular,5 (Medium),400 (Normal),29,7597,7597
腾祥小新体简 (Regular),腾祥小新体简,Regular,,,Version 1.00,TT  ,Regular,5 (Medium),400 (Normal),29,7597,7597
腾祥铚谦钢笔繁 (Regular),腾祥铚谦钢笔繁,Regular,,,Version  1.01,TT  ,Regular,5 (Medium),400 (Normal),30,7600,7601
腾祥铚谦钢笔简 (Regular),腾祥铚谦钢笔简,Regular,,,Version  1.01,TT  ,Regular,5 (Medium),400 (Normal),30,7599,7600
腾祥铚谦隶书繁 (Regular),腾祥铚谦隶书繁,Regular,,,Version 1.02,TT  ,Regular,5 (Medium),400 (Normal),29,7599,7599
腾祥铚谦隶书简 (Regular),腾祥铚谦隶书简,Regular,,,Version 1.01,TT  ,Regular,5 (Medium),400 (Normal),29,7598,7598
腾祥铚谦幼儿简 (Regular),腾祥铚谦幼儿简,Regular,,,Version  1.01,TT  ,Regular,5 (Medium),400 (Normal),29,7598,7598
腾祥智黑GB18030-W1 (Extra Light),腾祥智黑GB18030-W1,Extra Light,,,Version  1.00,TT  ,Regular,5 (Medium),400 (Normal),36,28622,28622
腾祥智黑GB18030-W2 (Light),腾祥智黑GB18030-W2,Light,,,Version  1.00,TT  ,Regular,5 (Medium),400 (Normal),36,28621,28621
腾祥智黑GB18030-W3 (Regular),腾祥智黑GB18030-W3,Regular,,,Version  1.00,TT  ,Regular,5 (Medium),400 (Normal),36,28610,28610
腾祥智黑GB18030-W4 (Medium),腾祥智黑GB18030-W4,Medium,,,Version  1.00,TT  ,Regular,5 (Medium),400 (Normal),36,28611,28611
腾祥智黑繁-W1 (Extra Light),腾祥智黑繁-W1,Extra Light,,,Version  1.00,TT  ,Regular,5 (Medium),400 (Normal),30,7609,7609
腾祥智黑繁-W2 (Light),腾祥智黑繁-W2,Light,,,Version  1.00,TT  ,Regular,5 (Medium),400 (Normal),30,7609,7609
腾祥智黑繁-W3 (Regular),腾祥智黑繁-W3,Regular,,,Version  1.00,TT  ,Regular,5 (Medium),400 (Normal),30,7609,7609
腾祥智黑繁-W4 (Medium),腾祥智黑繁-W4,Medium,,,Version  1.00,TT  ,Regular,5 (Medium),400 (Normal),30,7609,7609
腾祥智黑简-W1,腾祥智黑简-W1,Extra Light,,,Version  1.00,TT  ,Regular,5 (Medium),400 (Normal),29,7607,7607
腾祥智黑简-W2,腾祥智黑简-W2,Light,,,Version  1.00,TT  ,Regular,5 (Medium),400 (Normal),29,7607,7607
腾祥智黑简-W3,腾祥智黑简-W3,Regular,,,Version  1.00,TT  ,Regular,5 (Medium),400 (Normal),29,7607,7607
腾祥智黑简-W4,腾祥智黑简-W4,Medium,,,Version  1.00,TT  ,Regular,5 (Medium),400 (Normal),29,7607,7607
腾祥智黑简-W5,腾祥智黑简-W5,Bold,,,Version  1.00,TT  ,Regular,5 (Medium),400 (Normal),29,7607,7607
腾祥智黑简-W6,腾祥智黑简-W6,ExtraBold,,,Version  1.00,TT  ,Regular,5 (Medium),400 (Normal),29,7607,7607
腾祥銍谦幼儿繁 (Regular),腾祥銍谦幼儿繁,Regular,,,Version 1.01,TT  ,Regular,5 (Medium),400 (Normal),29,7599,7599
